Workbook

Sheet Priorisation
A1: GOUVERNER LE NUMÉRIQUE ET L’IA SANS ÊTRE EXPERT
A2: Matrice de priorisation du portefeuille de projets
A3: Scoring valeur / risque / faisabilité par demande. Logique quadrant valeur/risque : Figure du chapitre 6.
A5: Projet / demande | B5: Typologie | C5: Valeur (1 à 5) | D5: Risque (1 à 5) | E5: Faisabilité (1 à 5) | F5: Quadrant valeur/risque | G5: Score de priorité
F6: =IF(COUNT(C6,D6)<2,"",IF(AND(C6>=4,D6<=2),"Priorité haute",IF(AND(C6<=2,D6>=4),"À questionner",IF(C6>=D6,"À étudier","Vigilance")))) | G6: =IF(COUNT(C6:E6)<3,"",C6+E6-D6)
F7: =IF(COUNT(C7,D7)<2,"",IF(AND(C7>=4,D7<=2),"Priorité haute",IF(AND(C7<=2,D7>=4),"À questionner",IF(C7>=D7,"À étudier","Vigilance")))) | G7: =IF(COUNT(C7:E7)<3,"",C7+E7-D7)
F8: =IF(COUNT(C8,D8)<2,"",IF(AND(C8>=4,D8<=2),"Priorité haute",IF(AND(C8<=2,D8>=4),"À questionner",IF(C8>=D8,"À étudier","Vigilance")))) | G8: =IF(COUNT(C8:E8)<3,"",C8+E8-D8)
F9: =IF(COUNT(C9,D9)<2,"",IF(AND(C9>=4,D9<=2),"Priorité haute",IF(AND(C9<=2,D9>=4),"À questionner",IF(C9>=D9,"À étudier","Vigilance")))) | G9: =IF(COUNT(C9:E9)<3,"",C9+E9-D9)
F10: =IF(COUNT(C10,D10)<2,"",IF(AND(C10>=4,D10<=2),"Priorité haute",IF(AND(C10<=2,D10>=4),"À questionner",IF(C10>=D10,"À étudier","Vigilance")))) | G10: =IF(COUNT(C10:E10)<3,"",C10+E10-D10)
F11: =IF(COUNT(C11,D11)<2,"",IF(AND(C11>=4,D11<=2),"Priorité haute",IF(AND(C11<=2,D11>=4),"À questionner",IF(C11>=D11,"À étudier","Vigilance")))) | G11: =IF(COUNT(C11:E11)<3,"",C11+E11-D11)
F12: =IF(COUNT(C12,D12)<2,"",IF(AND(C12>=4,D12<=2),"Priorité haute",IF(AND(C12<=2,D12>=4),"À questionner",IF(C12>=D12,"À étudier","Vigilance")))) | G12: =IF(COUNT(C12:E12)<3,"",C12+E12-D12)
F13: =IF(COUNT(C13,D13)<2,"",IF(AND(C13>=4,D13<=2),"Priorité haute",IF(AND(C13<=2,D13>=4),"À questionner",IF(C13>=D13,"À étudier","Vigilance")))) | G13: =IF(COUNT(C13:E13)<3,"",C13+E13-D13)
F14: =IF(COUNT(C14,D14)<2,"",IF(AND(C14>=4,D14<=2),"Priorité haute",IF(AND(C14<=2,D14>=4),"À questionner",IF(C14>=D14,"À étudier","Vigilance")))) | G14: =IF(COUNT(C14:E14)<3,"",C14+E14-D14)
F15: =IF(COUNT(C15,D15)<2,"",IF(AND(C15>=4,D15<=2),"Priorité haute",IF(AND(C15<=2,D15>=4),"À questionner",IF(C15>=D15,"À étudier","Vigilance")))) | G15: =IF(COUNT(C15:E15)<3,"",C15+E15-D15)
F16: =IF(COUNT(C16,D16)<2,"",IF(AND(C16>=4,D16<=2),"Priorité haute",IF(AND(C16<=2,D16>=4),"À questionner",IF(C16>=D16,"À étudier","Vigilance")))) | G16: =IF(COUNT(C16:E16)<3,"",C16+E16-D16)
F17: =IF(COUNT(C17,D17)<2,"",IF(AND(C17>=4,D17<=2),"Priorité haute",IF(AND(C17<=2,D17>=4),"À questionner",IF(C17>=D17,"À étudier","Vigilance")))) | G17: =IF(COUNT(C17:E17)<3,"",C17+E17-D17)
A19: Logique de lecture : les projets à valeur élevée et risque faible passent en premier ; les projets à valeur faible et risque élevé doivent être questionnés (logique du livre). Le « Score de priorité » = Valeur + Faisabilité moins Risque est un simple indicateur de tri, transparent et ajustable ; il ne figure pas comme tel dans l’ouvrage et sert uniquement à classer les demandes. À compléter par une Analyse de Capacité des Moyens avant tout lancement : ne lancer que le nombre de projets que la capacité réelle permet de livrer.

Sheet Composition
A1: Composition du portefeuille par typologie
A2: Le décompte se met à jour automatiquement à partir de l’onglet Priorisation.
A4: Typologie | B4: Nombre de projets | C4: Part du portefeuille
A5: Réglementaire et mise en conformité | B5: =COUNTIF(Priorisation!$B$6:$B$17,A5) -> 0 | C5: =IFERROR(B5/$B$13,0) -> 0
A6: Innovation technologique | B6: =COUNTIF(Priorisation!$B$6:$B$17,A6) -> 0 | C6: =IFERROR(B6/$B$13,0) -> 0
A7: Soutien au développement de l’activité | B7: =COUNTIF(Priorisation!$B$6:$B$17,A7) -> 0 | C7: =IFERROR(B7/$B$13,0) -> 0
A8: Amélioration des performances | B8: =COUNTIF(Priorisation!$B$6:$B$17,A8) -> 0 | C8: =IFERROR(B8/$B$13,0) -> 0
A9: Réduction de coût | B9: =COUNTIF(Priorisation!$B$6:$B$17,A9) -> 0 | C9: =IFERROR(B9/$B$13,0) -> 0
A10: Optimisation systèmes / infrastructure | B10: =COUNTIF(Priorisation!$B$6:$B$17,A10) -> 0 | C10: =IFERROR(B10/$B$13,0) -> 0
A11: Maintien en condition opérationnelle | B11: =COUNTIF(Priorisation!$B$6:$B$17,A11) -> 0 | C11: =IFERROR(B11/$B$13,0) -> 0
A12: Décommissionnement | B12: =COUNTIF(Priorisation!$B$6:$B$17,A12) -> 0 | C12: =IFERROR(B12/$B$13,0) -> 0
A13: Total | B13: =SUM(B5:B12) -> 0
